targetSide,oriIncrement,correct
0,3, 0.00,1.8928720334405795, 0.00,1.1943215116604915, 0.00,0.7535659294528738, 0.00,0.4754679577383339, 90.0